{
"lengthUnit": "mil",
"remark": [],
"components": {
	"fields": ["COMPONENT_NO", "COMPONENT_NAME", "LAYER", "X_COORDINATE", "Y_COORDINATE", "ANGLE"],
	"rows": [
		[1, "C1", "T", 1780.6308, -1467.3738, 0],
		[2, "LED1", "T", 140, -1710, 0],
		[3, "R1", "T", 1290, -1695, 0],
		[4, "U1", "T", 1770, -1310, 0],
		[5, "U2", "T", 2580, -835, 90],
		[6, "PAD1", "T", 1820.0008, -1467.3738, 0],
		[7, "PAD2", "T", 1741.2608, -1467.3738, 0],
		[8, "PAD3", "T", 98.65, -1710, 0],
		[9, "PAD4", "T", 181.35, -1710, 0],
		[10, "PAD5", "T", 1319.66, -1695, 0],
		[11, "PAD6", "T", 1260.34, -1695, 0],
		[12, "PAD7", "T", 1746.38, -1310, 0],
		[13, "PAD8", "T", 1750.32, -1284.41, 0],
		[14, "PAD9", "T", 1770, -1284.41, 0],
		[15, "PAD10", "T", 1770, -1335.59, 0],
		[16, "PAD11", "T", 1750.32, -1335.59, 0],
		[17, "PAD12", "T", 2055, -860, 0],
		[18, "PAD13", "T", 2205, -810, 0],
		[19, "PAD13", "B", 2205, -810, 0]
	]
},
"pins": {
	"fields": ["PIN_NO", "PIN_NAME", "PIN_X", "PIN_Y", "LAYER", "PIN_TYPE", "NET_NAME", "NET_TYPE", "PAD_SHAPE", "PAD_SIZEX", "PAD_SIZEY", "HOLE_SIZE", "HOLE_LEN", "PAD_ANGLE"],
	"rows": [
		[1, "C1_1", 1741.2608, -1467.3738, "T", "SMD", "$1N564", "", "R", 55.512, 53.15, 0, 0, 0],
		[2, "C1_2", 1820.0008, -1467.3738, "T", "SMD", "$1N558", "", "R", 55.512, 53.15, 0, 0, 0],
		[3, "LED1_1", 181.35, -1710, "T", "SMD", "$1N622", "", "R", 39.37, 55.1, 0, 0, 180],
		[4, "LED1_2", 98.65, -1710, "T", "SMD", "$1N564", "", "R", 39.37, 55.1, 0, 0, 180],
		[5, "R1_1", 1260.34, -1695, "T", "SMD", "$1N622", "", "R", 31.751, 34.016, 0, 0, 0],
		[6, "R1_2", 1319.66, -1695, "T", "SMD", "$1N558", "", "R", 31.751, 34.016, 0, 0, 0],
		[7, "U1_1", 1750.32, -1335.59, "T", "SMD", "$1N575", "", "R", 19.685, 11.024, 0, 0, 90],
		[8, "U1_2", 1770, -1335.59, "T", "SMD", "$1N564", "", "R", 19.685, 11.024, 0, 0, 90],
		[9, "U1_3", 1789.68, -1335.59, "T", "SMD", "NET_1", "", "R", 19.685, 11.024, 0, 0, 90],
		[10, "U1_4", 1793.62, -1310, "T", "SMD", "NET_2", "", "R", 17.717, 11.811, 0, 0, 180],
		[11, "U1_5", 1789.69, -1284.41, "T", "SMD", "NET_3", "", "R", 19.685, 11.024, 0, 0, 90],
		[12, "U1_6", 1770, -1284.41, "T", "SMD", "$1N558", "", "R", 19.685, 11.024, 0, 0, 90],
		[13, "U1_7", 1750.32, -1284.41, "T", "SMD", "$1N558", "", "R", 19.685, 11.024, 0, 0, 90],
		[14, "U1_8", 1746.38, -1310, "T", "SMD", "$1N582", "", "R", 17.717, 11.811, 0, 0, 180],
		[15, "U2_P$1", 2055, -860, "T", "SMD", "$1N582", "", "R", 29.5276, 11.811, 0, 0, 180],
		[16, "U2_P$2", 2205, -810, "T", "DIP", "$1N575", "", "C", 31.811, 31.811, 11.811, 11.811, 90],
		[17, "U2_P$2", 2205, -810, "B", "DIP", "$1N575", "", "C", 31.811, 31.811, 11.811, 11.811, 90],
		[18, "PAD1_2", 1820.0008, -1467.3738, "T", "SMD", "$1N558", "", "R", 55.512, 53.15, 0, 0, 0],
		[19, "PAD2_1", 1741.2608, -1467.3738, "T", "SMD", "$1N564", "", "R", 55.512, 53.15, 0, 0, 0],
		[20, "PAD3_2", 98.65, -1710, "T", "SMD", "$1N564", "", "R", 39.37, 55.1, 0, 0, 180],
		[21, "PAD4_1", 181.35, -1710, "T", "SMD", "$1N622", "", "R", 39.37, 55.1, 0, 0, 180],
		[22, "PAD5_2", 1319.66, -1695, "T", "SMD", "$1N558", "", "R", 31.751, 34.016, 0, 0, 0],
		[23, "PAD6_1", 1260.34, -1695, "T", "SMD", "$1N622", "", "R", 31.751, 34.016, 0, 0, 0],
		[24, "PAD7_8", 1746.38, -1310, "T", "SMD", "$1N582", "", "R", 17.717, 11.811, 0, 0, 180],
		[25, "PAD8_7", 1750.32, -1284.41, "T", "SMD", "$1N558", "", "R", 19.685, 11.024, 0, 0, 90],
		[26, "PAD9_6", 1770, -1284.41, "T", "SMD", "$1N558", "", "R", 19.685, 11.024, 0, 0, 90],
		[27, "PAD10_2", 1770, -1335.59, "T", "SMD", "$1N564", "", "R", 19.685, 11.024, 0, 0, 90],
		[28, "PAD11_1", 1750.32, -1335.59, "T", "SMD", "$1N575", "", "R", 19.685, 11.024, 0, 0, 90],
		[29, "PAD12_P$1", 2055, -860, "T", "SMD", "$1N582", "", "R", 29.5276, 11.811, 0, 0, 180],
		[30, "PAD13_P$2", 2205, -810, "T", "DIP", "$1N575", "", "C", 31.811, 31.811, 11.811, 11.811, 90],
		[31, "PAD13_P$2", 2205, -810, "B", "DIP", "$1N575", "", "C", 31.811, 31.811, 11.811, 11.811, 90]
	]
}
}